"key","en","es","ca","eu","gl","pt","fr","it","de","tr","pl","ar","id","vi","ro","el","hr","sr-Latn"
"brand_tagline","Live sports only","Solo deporte en directo","Només esport en directe","Kirola zuzenean soilik","Só deporte en directo","Apenas desporto em direto","Sport en direct uniquement","Solo sport in diretta","Nur Live-Sport","Sadece canlı spor","Tylko sport na żywo","رياضة مباشرة فقط","Hanya olahraga langsung","Chỉ thể thao trực tiếp","Doar sport în direct","Μόνο ζωντανός αθλητισμός","Samo sport uživo","Samo sport uživo"
"app_loading","Loading…","Cargando…","Carregant…","Kargatzen…","Cargando…","A carregar…","Chargement…","Caricamento…","Wird geladen…","Yükleniyor…","Ładowanie…","جارٍ التحميل…","Memuat…","Đang tải…","Se încarcă…","Φόρτωση…","Učitavanje…","Učitavanje…"
"press_back_to_exit","Press Back again to exit","Pulsa Atrás otra vez para salir","Torna a prémer Enrere per sortir","Sakatu Atzera berriro irteteko","Preme Atrás outra vez para saír","Prime Voltar outra vez para sair","Appuie encore sur Retour pour quitter","Premi di nuovo Indietro per uscire","Zum Beenden erneut Zurück drücken","Çıkmak için tekrar Geri'ye basın","Naciśnij Wstecz ponownie, aby wyjść","اضغط رجوع مرة أخرى للخروج","Tekan Kembali sekali lagi untuk keluar","Nhấn Quay lại lần nữa để thoát","Apasă din nou Înapoi pentru a ieși","Πάτησε ξανά Πίσω για έξοδο","Pritisni Natrag još jednom za izlaz","Pritisni Nazad još jednom za izlaz"
"live_sports","Live sports","Deporte en directo","Esport en directe","Kirola zuzenean","Deporte en directo","Desporto em direto","Sport en direct","Sport in diretta","Live-Sport","Canlı spor","Sport na żywo","رياضة مباشرة","Olahraga langsung","Thể thao trực tiếp","Sport în direct","Ζωντανός αθλητισμός","Sport uživo","Sport uživo"
"live_sports_of","Live sports of %1$s","Deporte en directo de %1$s","Esport en directe de %1$s","Kirola zuzenean — %1$s","Deporte en directo de %1$s","Desporto em direto de %1$s","Sport en direct de %1$s","Sport in diretta di %1$s","Live-Sport von %1$s","%1$s canlı spor","Sport na żywo: %1$s","رياضة مباشرة من %1$s","Olahraga langsung dari %1$s","Thể thao trực tiếp từ %1$s","Sport în direct de la %1$s","Ζωντανός αθλητισμός από %1$s","Sport uživo: %1$s","Sport uživo: %1$s"
"channels_count","%1$d channels","%1$d canales","%1$d canals","%1$d kanal","%1$d canles","%1$d canais","%1$d chaînes","%1$d canali","","","","","","","","","",""
"error_load_channels","Couldn't load the channels.","No se pudieron cargar los canales.","No s'han pogut carregar els canals.","Ezin izan dira kanalak kargatu.","Non se puideron cargar as canles.","Não foi possível carregar os canais.","Impossible de charger les chaînes.","Impossibile caricare i canali.","Die Sender konnten nicht geladen werden.","Kanallar yüklenemedi.","Nie udało się wczytać kanałów.","تعذّر تحميل القنوات.","Tidak dapat memuat saluran.","Không tải được danh sách kênh.","Canalele nu au putut fi încărcate.","Δεν ήταν δυνατή η φόρτωση των καναλιών.","Kanali se nisu mogli učitati.","Kanali nisu mogli da se učitaju."
"action_retry","Retry","Reintentar","Reintenta","Saiatu berriro","Tentar de novo","Tentar novamente","Réessayer","Riprova","Erneut versuchen","Tekrar dene","Spróbuj ponownie","إعادة المحاولة","Coba lagi","Thử lại","Reîncearcă","Δοκιμή ξανά","Pokušaj ponovno","Pokušaj ponovo"
"action_search","🔍 Search","🔍 Buscar","🔍 Cerca","🔍 Bilatu","🔍 Buscar","🔍 Procurar","🔍 Rechercher","🔍 Cerca","🔍 Suchen","🔍 Ara","🔍 Szukaj","🔍 بحث","🔍 Cari","🔍 Tìm kiếm","🔍 Caută","🔍 Αναζήτηση","🔍 Traži","🔍 Pretraži"
"action_reload","↻ Reload","↻ Recargar","↻ Recarrega","↻ Birkargatu","↻ Recargar","↻ Recarregar","↻ Recharger","↻ Ricarica","↻ Neu laden","↻ Yenile","↻ Odśwież","↻ إعادة التحميل","↻ Muat ulang","↻ Tải lại","↻ Reîncarcă","↻ Ανανέωση","↻ Osvježi","↻ Osveži"
"search_field_label","Search  (e.g. football, laliga, sports)","Buscar  (p. ej. fútbol, laliga, deporte)","Cerca  (p. ex. futbol, laliga, esport)","Bilatu  (adib. futbola, laliga, kirola)","Buscar  (p. ex. fútbol, laliga, deporte)","Procurar  (p. ex. futebol, laliga, desporto)","Rechercher  (p. ex. football, laliga, sport)","Cerca  (es. calcio, laliga, sport)","Suchen  (z. B. Fußball, Basketball, Tennis)","Ara  (örn. futbol, basketbol, tenis)","Szukaj  (np. piłka nożna, koszykówka, tenis)","بحث  (مثل: كرة القدم، كرة السلة، التنس)","Cari  (mis. sepak bola, basket, tenis)","Tìm kiếm  (vd: bóng đá, bóng rổ, quần vợt)","Caută  (ex. fotbal, baschet, tenis)","Αναζήτηση  (π.χ. ποδόσφαιρο, μπάσκετ, τένις)","Traži  (npr. nogomet, košarka, tenis)","Pretraži  (npr. fudbal, košarka, tenis)"
"no_sports_channels","No sports channels found in this profile.","No se encontraron canales de deporte en este perfil.","No s'ha trobat cap canal d'esport en aquest perfil.","Ez da kirol-kanalik aurkitu profil honetan.","Non se atoparon canles de deporte neste perfil.","Não foram encontrados canais de desporto neste perfil.","Aucune chaîne de sport trouvée dans ce profil.","Nessun canale sportivo trovato in questo profilo.","In diesem Profil wurden keine Sportsender gefunden.","Bu profilde spor kanalı bulunamadı.","W tym profilu nie znaleziono kanałów sportowych.","لم يُعثر على قنوات رياضية في هذا الملف الشخصي.","Tidak ada saluran olahraga di profil ini.","Không tìm thấy kênh thể thao nào trong hồ sơ này.","Nu s-au găsit canale de sport în acest profil.","Δεν βρέθηκαν αθλητικά κανάλια σε αυτό το προφίλ.","U ovom profilu nema sportskih kanala.","U ovom profilu nema sportskih kanala."
"no_results","No results for ""%1$s"".","Sin resultados para ""%1$s"".","Cap resultat per a ""%1$s"".","Emaitzarik ez: ""%1$s"".","Sen resultados para ""%1$s"".","Sem resultados para ""%1$s"".","Aucun résultat pour ""%1$s"".","Nessun risultato per ""%1$s"".","Keine Ergebnisse für ""%1$s"".","""%1$s"" için sonuç yok.","Brak wyników dla ""%1$s"".","لا نتائج لـ ""%1$s"".","Tidak ada hasil untuk ""%1$s"".","Không có kết quả cho ""%1$s"".","Niciun rezultat pentru ""%1$s"".","Κανένα αποτέλεσμα για ""%1$s"".","Nema rezultata za ""%1$s"".","Nema rezultata za ""%1$s""."
"section_favorite_channels","Favorite channels","Canales favoritos","Canals preferits","Gogoko kanalak","Canles favoritas","Canais favoritos","Chaînes favorites","Canali preferiti","Lieblingssender","Favori kanallar","Ulubione kanały","القنوات المفضلة","Saluran favorit","Kênh yêu thích","Canale favorite","Αγαπημένα κανάλια","Omiljeni kanali","Omiljeni kanali"
"section_recent","Recent","Recientes","Recents","Azkenak","Recentes","Recentes","Récentes","Recenti","Zuletzt gesehen","Son izlenenler","Ostatnio oglądane","الأخيرة","Terbaru","Gần đây","Recente","Πρόσφατα","Nedavno","Nedavno"
"section_favorite_folders","Favorite folders","Carpetas favoritas","Carpetes preferides","Gogoko karpetak","Cartafoles favoritos","Pastas favoritas","Dossiers favoris","Cartelle preferite","Lieblingsordner","Favori klasörler","Ulubione foldery","المجلدات المفضلة","Folder favorit","Thư mục yêu thích","Dosare favorite","Αγαπημένοι φάκελοι","Omiljene mape","Omiljene fascikle"
"section_football","Football","Fútbol","Futbol","Futbola","Fútbol","Futebol","Football","Calcio","Fußball","Futbol","Piłka nożna","كرة القدم","Sepak bola","Bóng đá","Fotbal","Ποδόσφαιρο","Nogomet","Fudbal"
"section_more_sports","More sports","Más deporte","Més esport","Kirol gehiago","Máis deporte","Mais desporto","Plus de sport","Altro sport","Weitere Sportarten","Diğer sporlar","Inne sporty","رياضات أخرى","Olahraga lainnya","Thể thao khác","Alte sporturi","Άλλα αθλήματα","Ostali sportovi","Ostali sportovi"
"loading_channels","Loading channels…","Cargando canales…","S'estan carregant els canals…","Kanalak kargatzen…","Cargando canles…","A carregar canais…","Chargement des chaînes…","Caricamento canali…","Sender werden geladen…","Kanallar yükleniyor…","Wczytywanie kanałów…","جارٍ تحميل القنوات…","Memuat saluran…","Đang tải kênh…","Se încarcă canalele…","Φόρτωση καναλιών…","Učitavanje kanala…","Učitavanje kanala…"
"folder_back_hint","Back to return","Atrás para volver","Enrere per tornar","Atzera itzultzeko","Atrás para volver","Voltar para regressar","Retour pour revenir","Indietro per tornare","Zurück zum Verlassen","Geri dönmek için Geri","Wstecz, aby wrócić","رجوع للعودة","Kembali untuk keluar","Quay lại để trở về","Înapoi pentru a reveni","Πίσω για επιστροφή","Natrag za povratak","Nazad za povratak"
"quality_auto","Auto","Auto","Auto","Auto","Auto","Auto","Auto","Auto","Auto","Otomatik","Auto","تلقائي","Otomatis","Tự động","Auto","Αυτόματο","Auto","Auto"
"player_error_with_hint","%1$s  ·  ◀▶ to change channel","%1$s  ·  ◀▶ para cambiar de canal","%1$s  ·  ◀▶ per canviar de canal","%1$s  ·  ◀▶ kanalez aldatzeko","%1$s  ·  ◀▶ para cambiar de canle","%1$s  ·  ◀▶ para mudar de canal","%1$s  ·  ◀▶ pour changer de chaîne","%1$s  ·  ◀▶ per cambiare canale","%1$s  ·  ◀▶ Sender wechseln","%1$s  ·  ◀▶ kanal değiştir","%1$s  ·  ◀▶ zmień kanał","%1$s  ·  ◀▶ لتغيير القناة","%1$s  ·  ◀▶ ganti saluran","%1$s  ·  ◀▶ đổi kênh","%1$s  ·  ◀▶ schimbă canalul","%1$s  ·  ◀▶ αλλαγή καναλιού","%1$s  ·  ◀▶ promijeni kanal","%1$s  ·  ◀▶ promeni kanal"
"menu_nav_hint","▲▼ choose · ◀▶ section · OK confirm","▲▼ elegir · ◀▶ sección · OK confirmar","▲▼ triar · ◀▶ secció · OK confirmar","▲▼ aukeratu · ◀▶ atala · OK berretsi","▲▼ elixir · ◀▶ sección · OK confirmar","▲▼ escolher · ◀▶ secção · OK confirmar","▲▼ choisir · ◀▶ section · OK confirmer","▲▼ scegli · ◀▶ sezione · OK conferma","▲▼ wählen · ◀▶ Bereich · OK bestätigen","▲▼ seç · ◀▶ bölüm · OK onayla","▲▼ wybierz · ◀▶ sekcja · OK zatwierdź","▲▼ اختيار · ◀▶ القسم · OK تأكيد","▲▼ pilih · ◀▶ bagian · OK konfirmasi","▲▼ chọn · ◀▶ mục · OK xác nhận","▲▼ alege · ◀▶ secțiune · OK confirmă","▲▼ επιλογή · ◀▶ ενότητα · OK επιβεβαίωση","▲▼ odaberi · ◀▶ odjeljak · OK potvrdi","▲▼ izaberi · ◀▶ odeljak · OK potvrdi"
"controls_legend","OK: menu  ·  ▲▼: quality  ·  ◀▶: channel (×2 folder)","OK: menú  ·  ▲▼: calidad  ·  ◀▶: canal (×2 carpeta)","OK: menú  ·  ▲▼: qualitat  ·  ◀▶: canal (×2 carpeta)","OK: menua  ·  ▲▼: kalitatea  ·  ◀▶: kanala (×2 karpeta)","OK: menú  ·  ▲▼: calidade  ·  ◀▶: canle (×2 cartafol)","OK: menu  ·  ▲▼: qualidade  ·  ◀▶: canal (×2 pasta)","OK : menu  ·  ▲▼ : qualité  ·  ◀▶ : chaîne (×2 dossier)","OK: menu  ·  ▲▼: qualità  ·  ◀▶: canale (×2 cartella)","OK: Menü  ·  OK halten: ★  ·  ▲▼: Qualität  ·  ◀▶: Sender (×2 Ordner)","OK: menü  ·  OK basılı tut: ★  ·  ▲▼: kalite  ·  ◀▶: kanal (×2 klasör)","OK: menu  ·  przytrzymaj OK: ★  ·  ▲▼: jakość  ·  ◀▶: kanał (×2 folder)","OK: القائمة  ·  إطالة الضغط على OK: ★  ·  ▲▼: الجودة  ·  ◀▶: القناة (×2 المجلد)","OK: menu  ·  tahan OK: ★  ·  ▲▼: kualitas  ·  ◀▶: saluran (×2 folder)","OK: menu  ·  giữ OK: ★  ·  ▲▼: chất lượng  ·  ◀▶: kênh (×2 thư mục)","OK: meniu  ·  ține OK: ★  ·  ▲▼: calitate  ·  ◀▶: canal (×2 dosar)","OK: μενού  ·  παρατεταμένο OK: ★  ·  ▲▼: ποιότητα  ·  ◀▶: κανάλι (×2 φάκελος)","OK: izbornik  ·  drži OK: ★  ·  ▲▼: kvaliteta  ·  ◀▶: kanal (×2 mapa)","OK: meni  ·  drži OK: ★  ·  ▲▼: kvalitet  ·  ◀▶: kanal (×2 fascikla)"
"controls_legend_touch","Tap: menu  ·  swipe ▲▼: quality  ·  swipe ◀▶: channel","Toca: menú  ·  desliza ▲▼: calidad  ·  desliza ◀▶: canal","Toca: menú  ·  llisca ▲▼: qualitat  ·  llisca ◀▶: canal","Ukitu: menua  ·  lerratu ▲▼: kalitatea  ·  lerratu ◀▶: kanala","Toca: menú  ·  desliza ▲▼: calidade  ·  desliza ◀▶: canle","Toca: menu  ·  desliza ▲▼: qualidade  ·  desliza ◀▶: canal","Toucher : menu  ·  glisser ▲▼ : qualité  ·  glisser ◀▶ : chaîne","Tocca: menu  ·  scorri ▲▼: qualità  ·  scorri ◀▶: canale","Tippen: Menü  ·  Wischen ▲▼: Qualität  ·  Wischen ◀▶: Sender","Dokun: menü  ·  kaydır ▲▼: kalite  ·  kaydır ◀▶: kanal","Dotknij: menu  ·  przesuń ▲▼: jakość  ·  przesuń ◀▶: kanał","نقرة: القائمة  ·  تمرير ▲▼: الجودة  ·  تمرير ◀▶: القناة","Ketuk: menu  ·  geser ▲▼: kualitas  ·  geser ◀▶: saluran","Chạm: menu  ·  vuốt ▲▼: chất lượng  ·  vuốt ◀▶: kênh","Atinge: meniu  ·  glisează ▲▼: calitate  ·  glisează ◀▶: canal","Πάτημα: μενού  ·  σύρσιμο ▲▼: ποιότητα  ·  σύρσιμο ◀▶: κανάλι","Dodir: izbornik  ·  povuci ▲▼: kvaliteta  ·  povuci ◀▶: kanal","Dodir: meni  ·  prevuci ▲▼: kvalitet  ·  prevuci ◀▶: kanal"
"menu_nav_hint_touch","tap: choose  ·  swipe ◀▶: section","toca: elegir  ·  desliza ◀▶: sección","toca: triar  ·  llisca ◀▶: secció","ukitu: aukeratu  ·  lerratu ◀▶: atala","toca: escoller  ·  desliza ◀▶: sección","toca: escolher  ·  desliza ◀▶: secção","toucher : choisir  ·  glisser ◀▶ : section","tocca: scegli  ·  scorri ◀▶: sezione","Tippen: wählen  ·  Wischen ◀▶: Bereich","dokun: seç  ·  kaydır ◀▶: bölüm","dotknij: wybierz  ·  przesuń ◀▶: sekcja","نقرة: اختيار  ·  تمرير ◀▶: القسم","ketuk: pilih  ·  geser ◀▶: bagian","chạm: chọn  ·  vuốt ◀▶: mục","atinge: alege  ·  glisează ◀▶: secțiune","πάτημα: επιλογή  ·  σύρσιμο ◀▶: ενότητα","dodir: odaberi  ·  povuci ◀▶: odjeljak","dodir: izaberi  ·  prevuci ◀▶: odeljak"
"epg_now","Now: %1$s","Ahora: %1$s","Ara: %1$s","Orain: %1$s","Agora: %1$s","Agora: %1$s","Maintenant : %1$s","Ora: %1$s","Jetzt: %1$s","Şimdi: %1$s","Teraz: %1$s","الآن: %1$s","Sekarang: %1$s","Đang phát: %1$s","Acum: %1$s","Τώρα: %1$s","Sada: %1$s","Sada: %1$s"
"epg_next_suffix","   ·   Next: %1$s","   ·   Luego: %1$s","   ·   Després: %1$s","   ·   Gero: %1$s","   ·   Despois: %1$s","   ·   A seguir: %1$s","   ·   Ensuite : %1$s","   ·   Poi: %1$s","   ·   Danach: %1$s","   ·   Sonraki: %1$s","   ·   Następnie: %1$s","   ·   التالي: %1$s","   ·   Berikutnya: %1$s","   ·   Tiếp theo: %1$s","   ·   Urmează: %1$s","   ·   Επόμενο: %1$s","   ·   Sljedeće: %1$s","   ·   Sledeće: %1$s"
"menu_section_quality","Quality","Calidad","Qualitat","Kalitatea","Calidade","Qualidade","Qualité","Qualità","Qualität","Kalite","Jakość","الجودة","Kualitas","Chất lượng","Calitate","Ποιότητα","Kvaliteta","Kvalitet"
"menu_section_audio","Audio","Audio","Àudio","Audioa","Audio","Áudio","Audio","Audio","Audio","Ses","Dźwięk","الصوت","Audio","Âm thanh","Audio","Ήχος","Zvuk","Zvuk"
"menu_section_subtitles","Subtitles","Subtítulos","Subtítols","Azpidatziak","Subtítulos","Legendas","Sous-titres","Sottotitoli","Untertitel","Altyazılar","Napisy","الترجمة","Subtitel","Phụ đề","Subtitrări","Υπότιτλοι","Titlovi","Titlovi"
"menu_section_guide","Guide","Guía","Guia","Gida","Guía","Guia","Guide","Guida","Programm","Rehber","Program","الدليل","Panduan","Lịch phát sóng","Ghid","Οδηγός","Vodič","Vodič"
"player_only_one_quality","Only one quality available","Única calidad disponible","Només hi ha una qualitat disponible","Kalitate bakarra eskuragarri","Só hai unha calidade dispoñible","Só há uma qualidade disponível","Une seule qualité disponible","Una sola qualità disponibile","Nur eine Qualität verfügbar","Yalnızca bir kalite mevcut","Dostępna tylko jedna jakość","جودة واحدة فقط متاحة","Hanya satu kualitas tersedia","Chỉ có một mức chất lượng","O singură calitate disponibilă","Μόνο μία ποιότητα διαθέσιμη","Dostupna je samo jedna kvaliteta","Dostupan je samo jedan kvalitet"
"audio_none","No audio tracks","Sin pistas de audio","Sense pistes d'àudio","Audio-pistarik ez","Sen pistas de audio","Sem faixas de áudio","Aucune piste audio","Nessuna traccia audio","Keine Tonspuren","Ses parçası yok","Brak ścieżek dźwiękowych","لا مسارات صوتية","Tidak ada trek audio","Không có luồng âm thanh","Nicio pistă audio","Χωρίς κομμάτια ήχου","Nema zvučnih zapisa","Nema zvučnih zapisa"
"audio_track_n","Audio %1$d","Audio %1$d","Àudio %1$d","Audioa %1$d","Audio %1$d","Áudio %1$d","Audio %1$d","Audio %1$d","Audio %1$d","Ses %1$d","Dźwięk %1$d","الصوت %1$d","Audio %1$d","Âm thanh %1$d","Audio %1$d","Ήχος %1$d","Zvuk %1$d","Zvuk %1$d"
"subtitles_off","Off","Desactivados","Desactivats","Desaktibatuta","Desactivados","Desativadas","Désactivés","Disattivati","Aus","Kapalı","Wył.","إيقاف","Mati","Tắt","Oprit","Ανενεργοί","Isključeno","Isključeno"
"subtitle_track_n","Subtitle %1$d","Subtítulo %1$d","Subtítol %1$d","Azpidatzia %1$d","Subtítulo %1$d","Legenda %1$d","Sous-titre %1$d","Sottotitolo %1$d","Untertitel %1$d","Altyazı %1$d","Napisy %1$d","الترجمة %1$d","Subtitel %1$d","Phụ đề %1$d","Subtitrare %1$d","Υπότιτλοι %1$d","Titl %1$d","Titl %1$d"
"guide_none","No guide available","Sin guía disponible","No hi ha guia disponible","Ez dago gidarik eskuragarri","Non hai guía dispoñible","Sem guia disponível","Aucun guide disponible","Nessuna guida disponibile","Kein Programm verfügbar","Rehber mevcut değil","Program niedostępny","لا يتوفر دليل","Panduan tidak tersedia","Không có lịch phát sóng","Ghid indisponibil","Δεν υπάρχει οδηγός","Vodič nije dostupan","Vodič nije dostupan"
"player_blocked_skipping","Blocked in your region (%1$d) · skipping…","Bloqueado en tu región (%1$d) · saltando…","Bloquejat a la teva regió (%1$d) · saltant…","Zure eskualdean blokeatuta (%1$d) · saltatzen…","Bloqueado na túa rexión (%1$d) · saltando…","Bloqueado na tua região (%1$d) · a saltar…","Bloqué dans ta région (%1$d) · passage…","Bloccato nella tua regione (%1$d) · salto…","In deiner Region gesperrt (%1$d) · wird übersprungen…","Bölgenizde engelli (%1$d) · atlanıyor…","Zablokowany w Twoim regionie (%1$d) · pomijanie…","محظورة في منطقتك (%1$d) · جارٍ التخطي…","Diblokir di wilayah Anda (%1$d) · melewati…","Bị chặn ở khu vực của bạn (%1$d) · đang bỏ qua…","Blocat în regiunea ta (%1$d) · se omite…","Αποκλεισμένο στην περιοχή σου (%1$d) · παράλειψη…","Blokirano u tvojoj regiji (%1$d) · preskačem…","Blokirano u tvom regionu (%1$d) · preskačem…"
"player_skipping_unavailable","Skipping unavailable channel…","Saltando canal no disponible…","Saltant canal no disponible…","Kanal ez-eskuragarria saltatzen…","Saltando canle non dispoñible…","A saltar canal indisponível…","Chaîne indisponible, on passe…","Salto canale non disponibile…","Nicht verfügbarer Sender wird übersprungen…","Kullanılamayan kanal atlanıyor…","Pomijanie niedostępnego kanału…","جارٍ تخطي قناة غير متاحة…","Melewati saluran yang tidak tersedia…","Đang bỏ qua kênh không khả dụng…","Se omite canalul indisponibil…","Παράλειψη μη διαθέσιμου καναλιού…","Preskačem nedostupan kanal…","Preskačem nedostupan kanal…"
"player_blocked_no_access","Blocked in your region or no access (%1$d)%2$s","Bloqueado en tu región o sin acceso (%1$d)%2$s","Bloquejat a la teva regió o sense accés (%1$d)%2$s","Zure eskualdean blokeatuta edo sarbiderik gabe (%1$d)%2$s","Bloqueado na túa rexión ou sen acceso (%1$d)%2$s","Bloqueado na tua região ou sem acesso (%1$d)%2$s","Bloqué dans ta région ou sans accès (%1$d)%2$s","Bloccato nella tua regione o senza accesso (%1$d)%2$s","In deiner Region gesperrt oder kein Zugriff (%1$d)%2$s","Bölgenizde engelli veya erişim yok (%1$d)%2$s","Zablokowany w Twoim regionie lub brak dostępu (%1$d)%2$s","محظورة في منطقتك أو لا يمكن الوصول إليها (%1$d)%2$s","Diblokir di wilayah Anda atau tidak ada akses (%1$d)%2$s","Bị chặn ở khu vực của bạn hoặc không có quyền truy cập (%1$d)%2$s","Blocat în regiunea ta sau fără acces (%1$d)%2$s","Αποκλεισμένο στην περιοχή σου ή χωρίς πρόσβαση (%1$d)%2$s","Blokirano u tvojoj regiji ili nema pristupa (%1$d)%2$s","Blokirano u tvom regionu ili nema pristupa (%1$d)%2$s"
"player_channel_from"," · channel from %1$s"," · canal de %1$s"," · canal de %1$s"," · kanala: %1$s"," · canle de %1$s"," · canal de %1$s"," · chaîne de %1$s"," · canale di %1$s"," · Sender aus %1$s"," · %1$s kanalı"," · kanał z: %1$s"," · قناة من %1$s"," · saluran dari %1$s"," · kênh từ %1$s"," · canal din %1$s"," · κανάλι από %1$s"," · kanal iz: %1$s"," · kanal iz: %1$s"
"player_no_channel","No channel available","Ningún canal disponible","Cap canal disponible","Ez dago kanalik eskuragarri","Ningunha canle dispoñible","Nenhum canal disponível","Aucune chaîne disponible","Nessun canale disponibile","Kein Sender verfügbar","Kullanılabilir kanal yok","Brak dostępnego kanału","لا توجد قناة متاحة","Tidak ada saluran tersedia","Không có kênh khả dụng","Niciun canal disponibil","Κανένα διαθέσιμο κανάλι","Nema dostupnog kanala","Nema dostupnog kanala"
"add_edit_profile","Edit profile","Editar perfil","Edita el perfil","Editatu profila","Editar perfil","Editar perfil","Modifier le profil","Modifica profilo","Profil bearbeiten","Profili düzenle","Edytuj profil","تعديل الملف الشخصي","Edit profil","Sửa hồ sơ","Editează profilul","Επεξεργασία προφίλ","Uredi profil","Izmeni profil"
"add_connect_list","Connect your list","Conecta tu lista","Connecta la teva llista","Konektatu zure zerrenda","Conecta a túa lista","Liga a tua lista","Connecte ta liste","Collega la tua lista","Liste verbinden","Listeni bağla","Połącz swoją listę","اربط قائمتك","Hubungkan daftar Anda","Kết nối danh sách của bạn","Conectează-ți lista","Σύνδεσε τη λίστα σου","Poveži svoju listu","Poveži svoju listu"
"profile_type_xtream","Xtream","Xtream","Xtream","Xtream","Xtream","Xtream","Xtream","Xtream","Xtream","Xtream","Xtream","Xtream","Xtream","Xtream","Xtream","Xtream","Xtream","Xtream"
"profile_type_m3u","M3U list","Lista M3U","Llista M3U","M3U zerrenda","Lista M3U","Lista M3U","Liste M3U","Lista M3U","M3U-Liste","M3U listesi","Lista M3U","قائمة M3U","Daftar M3U","Danh sách M3U","Listă M3U","Λίστα M3U","M3U lista","M3U lista"
"profile_type_direct","Direct link","Enlace directo","Enllaç directe","Esteka zuzena","Ligazón directa","Ligação direta","Lien direct","Link diretto","Direktlink","Doğrudan bağlantı","Link bezpośredni","رابط مباشر","Tautan langsung","Liên kết trực tiếp","Link direct","Απευθείας σύνδεσμος","Izravna veza","Direktan link"
"add_desc_direct","Paste a stream URL (HLS .m3u8 or DASH .mpd). It plays as-is, with no sports filtering.","Pega una URL de stream (HLS .m3u8 o DASH .mpd). Se reproduce tal cual, sin filtrar por deporte.","Enganxa una URL d'stream (HLS .m3u8 o DASH .mpd). Es reprodueix tal qual, sense filtrar per esport.","Itsatsi stream-URL bat (HLS .m3u8 edo DASH .mpd). Dagoen bezala erreproduzitzen da, kirolaren arabera iragazi gabe.","Pega unha URL de stream (HLS .m3u8 ou DASH .mpd). Reprodúcese tal cal, sen filtrar por deporte.","Cola um URL de stream (HLS .m3u8 ou DASH .mpd). Reproduz tal como está, sem filtrar por desporto.","Colle une URL de flux (HLS .m3u8 ou DASH .mpd). Lue telle quelle, sans filtre sport.","Incolla un URL di stream (HLS .m3u8 o DASH .mpd). Si riproduce così com'è, senza filtrare per sport.","Füge eine Stream-URL ein (HLS .m3u8 oder DASH .mpd). Sie wird unverändert abgespielt, ohne Sportfilter.","Bir yayın URL'si yapıştır (HLS .m3u8 veya DASH .mpd). Spor filtresi olmadan olduğu gibi oynatılır.","Wklej adres URL strumienia (HLS .m3u8 lub DASH .mpd). Odtwarzany jest bez zmian, bez filtra sportowego.","الصق رابط البث (HLS .m3u8 أو DASH .mpd). يُشغَّل كما هو، دون تصفية رياضية.","Tempel URL stream (HLS .m3u8 atau DASH .mpd). Diputar apa adanya, tanpa filter olahraga.","Dán URL luồng phát (HLS .m3u8 hoặc DASH .mpd). Phát nguyên trạng, không lọc thể thao.","Lipește un URL de stream (HLS .m3u8 sau DASH .mpd). Se redă ca atare, fără filtru de sport.","Επικόλλησε ένα URL ροής (HLS .m3u8 ή DASH .mpd). Αναπαράγεται ως έχει, χωρίς αθλητικό φίλτρο.","Zalijepi URL streama (HLS .m3u8 ili DASH .mpd). Reproducira se kakav jest, bez sportskog filtra.","Nalepi URL strima (HLS .m3u8 ili DASH .mpd). Reprodukuje se takav kakav je, bez sportskog filtera."
"add_desc_m3u","Paste your playlist URL (.m3u / m3u_plus). The most compatible option if your provider blocks the API.","Pega la URL de tu lista (.m3u / m3u_plus). Lo más compatible si tu proveedor bloquea la API.","Enganxa la URL de la teva llista (.m3u / m3u_plus). El més compatible si el teu proveïdor bloqueja l'API.","Itsatsi zure zerrendaren URLa (.m3u / m3u_plus). Bateragarriena zure hornitzaileak APIa blokeatzen badu.","Pega a URL da túa lista (.m3u / m3u_plus). O máis compatible se o teu provedor bloquea a API.","Cola o URL da tua lista (.m3u / m3u_plus). O mais compatível se o teu fornecedor bloquear a API.","Colle l'URL de ta liste (.m3u / m3u_plus). Le plus compatible si ton fournisseur bloque l'API.","Incolla l'URL della tua lista (.m3u / m3u_plus). Il più compatibile se il tuo provider blocca l'API.","Füge die URL deiner Playlist ein (.m3u / m3u_plus). Die kompatibelste Option, wenn dein Anbieter die API sperrt.","Oynatma listenin URL'sini yapıştır (.m3u / m3u_plus). Sağlayıcın API'yi engelliyorsa en uyumlu seçenek.","Wklej adres URL swojej playlisty (.m3u / m3u_plus). Najbardziej zgodna opcja, jeśli dostawca blokuje API.","الصق رابط قائمة التشغيل (.m3u / m3u_plus). الخيار الأكثر توافقًا إذا كان مزوّدك يحظر الـ API.","Tempel URL playlist Anda (.m3u / m3u_plus). Pilihan paling kompatibel jika penyedia memblokir API.","Dán URL danh sách phát của bạn (.m3u / m3u_plus). Lựa chọn tương thích nhất nếu nhà cung cấp chặn API.","Lipește URL-ul playlistului tău (.m3u / m3u_plus). Cea mai compatibilă opțiune dacă furnizorul blochează API-ul.","Επικόλλησε το URL της λίστας σου (.m3u / m3u_plus). Η πιο συμβατή επιλογή αν ο πάροχος μπλοκάρει το API.","Zalijepi URL svoje liste (.m3u / m3u_plus). Najkompatibilnija opcija ako pružatelj blokira API.","Nalepi URL svoje liste (.m3u / m3u_plus). Najkompatibilnija opcija ako provajder blokira API."
"add_desc_xtream","Connect with the server address, your username and your password.","Conéctate con la dirección del servidor, tu usuario y tu contraseña.","Connecta't amb l'adreça del servidor, el teu usuari i la teva contrasenya.","Konektatu zerbitzariaren helbidearekin, zure erabiltzailearekin eta pasahitzarekin.","Conéctate co enderezo do servidor, o teu usuario e o teu contrasinal.","Liga-te com o endereço do servidor, o teu utilizador e a tua palavra-passe.","Connecte-toi avec l'adresse du serveur, ton identifiant et ton mot de passe.","Collegati con l'indirizzo del server, il tuo utente e la tua password.","Verbinde dich mit der Serveradresse, deinem Benutzernamen und deinem Passwort.","Sunucu adresi, kullanıcı adın ve şifrenle bağlan.","Połącz się, podając adres serwera, nazwę użytkownika i hasło.","اتصل باستخدام عنوان الخادم واسم المستخدم وكلمة المرور.","Hubungkan dengan alamat server, nama pengguna, dan kata sandi Anda.","Kết nối bằng địa chỉ máy chủ, tên người dùng và mật khẩu của bạn.","Conectează-te cu adresa serverului, numele de utilizator și parola.","Συνδέσου με τη διεύθυνση του διακομιστή, το όνομα χρήστη και τον κωδικό σου.","Poveži se adresom poslužitelja, korisničkim imenom i lozinkom.","Poveži se adresom servera, korisničkim imenom i lozinkom."
"field_stream_url","Stream URL (HLS/DASH)","URL del stream (HLS/DASH)","URL de l'stream (HLS/DASH)","Stream-URLa (HLS/DASH)","URL do stream (HLS/DASH)","URL do stream (HLS/DASH)","URL du flux (HLS/DASH)","URL dello stream (HLS/DASH)","Stream-URL (HLS/DASH)","Yayın URL'si (HLS/DASH)","Adres URL strumienia (HLS/DASH)","رابط البث (HLS/DASH)","URL stream (HLS/DASH)","URL luồng phát (HLS/DASH)","URL stream (HLS/DASH)","URL ροής (HLS/DASH)","URL streama (HLS/DASH)","URL strima (HLS/DASH)"
"field_m3u_url","M3U playlist URL","URL de la lista M3U","URL de la llista M3U","M3U zerrendaren URLa","URL da lista M3U","URL da lista M3U","URL de la liste M3U","URL della lista M3U","URL der M3U-Playlist","M3U listesi URL'si","Adres URL playlisty M3U","رابط قائمة M3U","URL playlist M3U","URL danh sách phát M3U","URL playlist M3U","URL λίστας M3U","URL M3U liste","URL M3U liste"
"helper_direct","E.g.: https://server/stream.m3u8  ·  https://server/manifest.mpd","Ej.: https://servidor/stream.m3u8  ·  https://servidor/manifest.mpd","Ex.: https://servidor/stream.m3u8  ·  https://servidor/manifest.mpd","Adib.: https://zerbitzaria/stream.m3u8  ·  https://zerbitzaria/manifest.mpd","Ex.: https://servidor/stream.m3u8  ·  https://servidor/manifest.mpd","Ex.: https://servidor/stream.m3u8  ·  https://servidor/manifest.mpd","Ex. : https://serveur/stream.m3u8  ·  https://serveur/manifest.mpd","Es.: https://server/stream.m3u8  ·  https://server/manifest.mpd","z. B.: https://server/stream.m3u8  ·  https://server/manifest.mpd","Örn.: https://sunucu/stream.m3u8  ·  https://sunucu/manifest.mpd","Np.: https://serwer/stream.m3u8  ·  https://serwer/manifest.mpd","مثال: https://server/stream.m3u8  ·  https://server/manifest.mpd","Mis.: https://server/stream.m3u8  ·  https://server/manifest.mpd","Vd: https://server/stream.m3u8  ·  https://server/manifest.mpd","Ex.: https://server/stream.m3u8  ·  https://server/manifest.mpd","π.χ.: https://server/stream.m3u8  ·  https://server/manifest.mpd","Npr.: https://server/stream.m3u8  ·  https://server/manifest.mpd","Npr.: https://server/stream.m3u8  ·  https://server/manifest.mpd"
"helper_m3u","E.g.: http://host:port/get.php?username=…&password=…&type=m3u_plus","Ej.: http://host:puerto/get.php?username=…&password=…&type=m3u_plus","Ex.: http://host:port/get.php?username=…&password=…&type=m3u_plus","Adib.: http://host:ataka/get.php?username=…&password=…&type=m3u_plus","Ex.: http://host:porto/get.php?username=…&password=…&type=m3u_plus","Ex.: http://host:porta/get.php?username=…&password=…&type=m3u_plus","Ex. : http://host:port/get.php?username=…&password=…&type=m3u_plus","Es.: http://host:porta/get.php?username=…&password=…&type=m3u_plus","z. B.: http://host:port/get.php?username=…&amp;password=…&amp;type=m3u_plus","Örn.: http://host:port/get.php?username=…&amp;password=…&amp;type=m3u_plus","Np.: http://host:port/get.php?username=…&amp;password=…&amp;type=m3u_plus","مثال: http://host:port/get.php?username=…&amp;password=…&amp;type=m3u_plus","Mis.: http://host:port/get.php?username=…&amp;password=…&amp;type=m3u_plus","Vd: http://host:port/get.php?username=…&amp;password=…&amp;type=m3u_plus","Ex.: http://host:port/get.php?username=…&amp;password=…&amp;type=m3u_plus","π.χ.: http://host:port/get.php?username=…&amp;password=…&amp;type=m3u_plus","Npr.: http://host:port/get.php?username=…&amp;password=…&amp;type=m3u_plus","Npr.: http://host:port/get.php?username=…&amp;password=…&amp;type=m3u_plus"
"field_profile_name","Profile name (optional)","Nombre del perfil (opcional)","Nom del perfil (opcional)","Profilaren izena (aukerakoa)","Nome do perfil (opcional)","Nome do perfil (opcional)","Nom du profil (facultatif)","Nome del profilo (facoltativo)","Profilname (optional)","Profil adı (isteğe bağlı)","Nazwa profilu (opcjonalnie)","اسم الملف الشخصي (اختياري)","Nama profil (opsional)","Tên hồ sơ (tùy chọn)","Numele profilului (opțional)","Όνομα προφίλ (προαιρετικό)","Naziv profila (neobavezno)","Naziv profila (opciono)"
"field_server_url","Server URL","URL del servidor","URL del servidor","Zerbitzariaren URLa","URL do servidor","URL do servidor","URL du serveur","URL del server","Server-URL","Sunucu URL'si","Adres URL serwera","رابط الخادم","URL server","URL máy chủ","URL server","URL διακομιστή","URL poslužitelja","URL servera"
"field_username","Username","Usuario","Usuari","Erabiltzailea","Usuario","Utilizador","Identifiant","Utente","Benutzername","Kullanıcı adı","Nazwa użytkownika","اسم المستخدم","Nama pengguna","Tên người dùng","Nume de utilizator","Όνομα χρήστη","Korisničko ime","Korisničko ime"
"field_password","Password","Contraseña","Contrasenya","Pasahitza","Contrasinal","Palavra-passe","Mot de passe","Password","Passwort","Şifre","Hasło","كلمة المرور","Kata sandi","Mật khẩu","Parolă","Κωδικός","Lozinka","Lozinka"
"show_password","Show password","Mostrar contraseña","Mostra la contrasenya","Erakutsi pasahitza","Mostrar contrasinal","Mostrar palavra-passe","Afficher le mot de passe","Mostra password","Passwort anzeigen","Şifreyi göster","Pokaż hasło","إظهار كلمة المرور","Tampilkan kata sandi","Hiện mật khẩu","Arată parola","Εμφάνιση κωδικού","Prikaži lozinku","Prikaži lozinku"
"hide_password","Hide password","Ocultar contraseña","Amaga la contrasenya","Ezkutatu pasahitza","Ocultar contrasinal","Ocultar palavra-passe","Masquer le mot de passe","Nascondi password","Passwort verbergen","Şifreyi gizle","Ukryj hasło","إخفاء كلمة المرور","Sembunyikan kata sandi","Ẩn mật khẩu","Ascunde parola","Απόκρυψη κωδικού","Sakrij lozinku","Sakrij lozinku"
"helper_server","E.g.: http://mydomain.com:8080","Ej.: http://midominio.com:8080","Ex.: http://elmeudomini.com:8080","Adib.: http://niredomeinua.com:8080","Ex.: http://omeudominio.com:8080","Ex.: http://omeudominio.com:8080","Ex. : http://mondomaine.com:8080","Es.: http://ilmiodominio.com:8080","z. B.: http://meinedomain.com:8080","Örn.: http://alanadim.com:8080","Np.: http://mojadomena.com:8080","مثال: http://mydomain.com:8080","Mis.: http://domainsaya.com:8080","Vd: http://mydomain.com:8080","Ex.: http://domeniulmeu.com:8080","π.χ.: http://mydomain.com:8080","Npr.: http://mojadomena.com:8080","Npr.: http://mojdomen.com:8080"
"btn_connecting","Connecting…","Conectando…","Connectant…","Konektatzen…","Conectando…","A ligar…","Connexion…","Connessione…","Verbinden…","Bağlanıyor…","Łączenie…","جارٍ الاتصال…","Menghubungkan…","Đang kết nối…","Se conectează…","Σύνδεση…","Povezivanje…","Povezivanje…"
"btn_save_changes","Save changes","Guardar cambios","Desa els canvis","Gorde aldaketak","Gardar cambios","Guardar alterações","Enregistrer les modifications","Salva modifiche","Änderungen speichern","Değişiklikleri kaydet","Zapisz zmiany","حفظ التغييرات","Simpan perubahan","Lưu thay đổi","Salvează modificările","Αποθήκευση αλλαγών","Spremi promjene","Sačuvaj izmene"
"btn_save_enter","Save and enter","Guardar y entrar","Desa i entra","Gorde eta sartu","Gardar e entrar","Guardar e entrar","Enregistrer et entrer","Salva ed entra","Speichern und öffnen","Kaydet ve gir","Zapisz i wejdź","حفظ ودخول","Simpan dan masuk","Lưu và vào","Salvează și intră","Αποθήκευση και είσοδος","Spremi i uđi","Sačuvaj i uđi"
"error_m3u_load","Couldn't load the M3U playlist. Check the URL.","No se pudo cargar la lista M3U. Revisa la URL.","No s'ha pogut carregar la llista M3U. Comprova la URL.","Ezin izan da M3U zerrenda kargatu. Egiaztatu URLa.","Non se puido cargar a lista M3U. Revisa a URL.","Não foi possível carregar a lista M3U. Verifica o URL.","Impossible de charger la liste M3U. Vérifie l'URL.","Impossibile caricare la lista M3U. Controlla l'URL.","Die M3U-Playlist konnte nicht geladen werden. Prüfe die URL.","M3U listesi yüklenemedi. URL'yi kontrol et.","Nie udało się wczytać playlisty M3U. Sprawdź adres URL.","تعذّر تحميل قائمة M3U. تحقق من الرابط.","Tidak dapat memuat playlist M3U. Periksa URL-nya.","Không tải được danh sách phát M3U. Kiểm tra lại URL.","Playlistul M3U nu a putut fi încărcat. Verifică URL-ul.","Δεν ήταν δυνατή η φόρτωση της λίστας M3U. Έλεγξε το URL.","M3U lista se nije mogla učitati. Provjeri URL.","M3U lista nije mogla da se učita. Proveri URL."
"error_xtream_auth","The server rejected the username or password.","El servidor ha rechazado el usuario o la contraseña.","El servidor ha rebutjat l'usuari o la contrasenya.","Zerbitzariak erabiltzailea edo pasahitza baztertu du.","O servidor rexeitou o usuario ou o contrasinal.","O servidor rejeitou o utilizador ou a palavra-passe.","Le serveur a refusé l'identifiant ou le mot de passe.","Il server ha rifiutato l'utente o la password.","Der Server hat Benutzername oder Passwort abgelehnt.","Sunucu kullanıcı adını veya şifreyi reddetti.","Serwer odrzucił nazwę użytkownika lub hasło.","رفض الخادم اسم المستخدم أو كلمة المرور.","Server menolak nama pengguna atau kata sandi.","Máy chủ từ chối tên người dùng hoặc mật khẩu.","Serverul a respins numele de utilizator sau parola.","Ο διακομιστής απέρριψε το όνομα χρήστη ή τον κωδικό.","Poslužitelj je odbio korisničko ime ili lozinku.","Server je odbio korisničko ime ili lozinku."
"error_xtream_unreachable","Can't reach the server (%1$s). Check the URL or try another host from your provider.","No se llega al servidor (%1$s). Revisa la URL o prueba otro host de tu proveedor.","No s'arriba al servidor (%1$s). Comprova la URL o prova un altre host del teu proveïdor.","Ezin da zerbitzarira iritsi (%1$s). Egiaztatu URLa edo probatu hornitzailearen beste host bat.","Non se chega ao servidor (%1$s). Revisa a URL ou proba outro host do teu provedor.","Não é possível chegar ao servidor (%1$s). Verifica o URL ou tenta outro host do teu fornecedor.","Serveur injoignable (%1$s). Vérifie l'URL ou essaie un autre hôte de ton fournisseur.","Server non raggiungibile (%1$s). Controlla l'URL o prova un altro host del tuo provider.","Der Server ist nicht erreichbar (%1$s). Prüfe die URL oder versuche einen anderen Host deines Anbieters.","Sunucuya ulaşılamıyor (%1$s). URL'yi kontrol et veya sağlayıcının başka bir sunucusunu dene.","Brak połączenia z serwerem (%1$s). Sprawdź adres URL lub wypróbuj inny host od dostawcy.","تعذّر الوصول إلى الخادم (%1$s). تحقق من الرابط أو جرّب مضيفًا آخر من مزوّدك.","Server tidak dapat dijangkau (%1$s). Periksa URL atau coba host lain dari penyedia Anda.","Không kết nối được máy chủ (%1$s). Kiểm tra URL hoặc thử máy chủ khác của nhà cung cấp.","Serverul nu poate fi accesat (%1$s). Verifică URL-ul sau încearcă alt host de la furnizor.","Ο διακομιστής δεν είναι προσβάσιμος (%1$s). Έλεγξε το URL ή δοκίμασε άλλον host του παρόχου σου.","Poslužitelj nije dostupan (%1$s). Provjeri URL ili probaj drugi host svog pružatelja.","Server nije dostupan (%1$s). Proveri URL ili probaj drugi host svog provajdera."
"error_xtream_http","The server answered HTTP %1$d. Check the URL (host and port only, without /player_api.php).","El servidor respondió HTTP %1$d. Revisa la URL (solo host y puerto, sin /player_api.php).","El servidor ha respost HTTP %1$d. Comprova la URL (només host i port, sense /player_api.php).","Zerbitzariak HTTP %1$d erantzun du. Egiaztatu URLa (host eta ataka soilik, /player_api.php gabe).","O servidor respondeu HTTP %1$d. Revisa a URL (só host e porto, sen /player_api.php).","O servidor respondeu HTTP %1$d. Verifica o URL (só host e porta, sem /player_api.php).","Le serveur a répondu HTTP %1$d. Vérifie l'URL (hôte et port seulement, sans /player_api.php).","Il server ha risposto HTTP %1$d. Controlla l'URL (solo host e porta, senza /player_api.php).","Der Server hat mit HTTP %1$d geantwortet. Prüfe die URL (nur Host und Port, ohne /player_api.php).","Sunucu HTTP %1$d yanıtı verdi. URL'yi kontrol et (yalnızca host ve port, /player_api.php olmadan).","Serwer odpowiedział HTTP %1$d. Sprawdź adres URL (tylko host i port, bez /player_api.php).","أجاب الخادم بـ HTTP %1$d. تحقق من الرابط (المضيف والمنفذ فقط، دون /player_api.php).","Server menjawab HTTP %1$d. Periksa URL (hanya host dan port, tanpa /player_api.php).","Máy chủ trả về HTTP %1$d. Kiểm tra URL (chỉ host và cổng, không có /player_api.php).","Serverul a răspuns HTTP %1$d. Verifică URL-ul (doar host și port, fără /player_api.php).","Ο διακομιστής απάντησε HTTP %1$d. Έλεγξε το URL (μόνο host και θύρα, χωρίς /player_api.php).","Poslužitelj je odgovorio HTTP %1$d. Provjeri URL (samo host i port, bez /player_api.php).","Server je odgovorio HTTP %1$d. Proveri URL (samo host i port, bez /player_api.php)."
"error_xtream_bad_response","Unexpected reply from the server. Check that the URL is an Xtream panel.","Respuesta inesperada del servidor. Comprueba que la URL es un panel Xtream.","Resposta inesperada del servidor. Comprova que la URL és un panell Xtream.","Zerbitzariaren erantzun ustekabekoa. Egiaztatu URLa Xtream panel bat dela.","Resposta inesperada do servidor. Comproba que a URL é un panel Xtream.","Resposta inesperada do servidor. Verifica que o URL é um painel Xtream.","Réponse inattendue du serveur. Vérifie que l'URL est un panneau Xtream.","Risposta inattesa dal server. Controlla che l'URL sia un pannello Xtream.","Unerwartete Antwort vom Server. Prüfe, ob die URL ein Xtream-Panel ist.","Sunucudan beklenmeyen yanıt. URL'nin bir Xtream paneli olduğundan emin ol.","Nieoczekiwana odpowiedź serwera. Sprawdź, czy adres URL to panel Xtream.","رد غير متوقع من الخادم. تأكد من أن الرابط هو لوحة Xtream.","Balasan tak terduga dari server. Pastikan URL-nya adalah panel Xtream.","Phản hồi không mong đợi từ máy chủ. Kiểm tra URL có phải là bảng Xtream không.","Răspuns neașteptat de la server. Verifică dacă URL-ul este un panou Xtream.","Απροσδόκητη απάντηση από τον διακομιστή. Έλεγξε ότι το URL είναι πίνακας Xtream.","Neočekivan odgovor poslužitelja. Provjeri je li URL Xtream panel.","Neočekivan odgovor servera. Proveri da li je URL Xtream panel."
"default_m3u_name","M3U list","Lista M3U","Llista M3U","M3U zerrenda","Lista M3U","Lista M3U","Liste M3U","Lista M3U","M3U-Liste","M3U listesi","Lista M3U","قائمة M3U","Daftar M3U","Danh sách M3U","Listă M3U","Λίστα M3U","M3U lista","M3U lista"
"profiles_longpress_hint","Long-press a profile to edit or delete it","Mantén pulsado un perfil para editarlo o eliminarlo","Mantén premut un perfil per editar-lo o eliminar-lo","Eduki sakatuta profila editatzeko edo ezabatzeko","Mantén premido un perfil para editalo ou eliminalo","Mantém premido um perfil para o editar ou eliminar","Maintiens un profil appuyé pour le modifier ou le supprimer","Tieni premuto un profilo per modificarlo o eliminarlo","Halte ein Profil gedrückt, um es zu bearbeiten oder zu löschen","Düzenlemek veya silmek için bir profili basılı tut","Przytrzymaj profil, aby go edytować lub usunąć","اضغط مطولًا على ملف شخصي لتعديله أو حذفه","Tekan lama profil untuk mengedit atau menghapusnya","Nhấn giữ một hồ sơ để sửa hoặc xóa","Ține apăsat un profil pentru a-l edita sau șterge","Κράτησε πατημένο ένα προφίλ για επεξεργασία ή διαγραφή","Drži pritisnut profil za uređivanje ili brisanje","Drži pritisnut profil da ga izmeniš ili obrišeš"
"action_edit","Edit","Editar","Edita","Editatu","Editar","Editar","Modifier","Modifica","Bearbeiten","Düzenle","Edytuj","تعديل","Edit","Sửa","Editează","Επεξεργασία","Uredi","Izmeni"
"action_delete","Delete","Eliminar","Elimina","Ezabatu","Eliminar","Eliminar","Supprimer","Elimina","Löschen","Sil","Usuń","حذف","Hapus","Xóa","Șterge","Διαγραφή","Izbriši","Obriši"
"action_cancel","Cancel","Cancelar","Cancel·la","Utzi","Cancelar","Cancelar","Annuler","Annulla","Abbrechen","İptal","Anuluj","إلغاء","Batal","Hủy","Anulează","Ακύρωση","Odustani","Otkaži"
"action_add","Add","Añadir","Afegeix","Gehitu","Engadir","Adicionar","Ajouter","Aggiungi","Hinzufügen","Ekle","Dodaj","إضافة","Tambah","Thêm","Adaugă","Προσθήκη","Dodaj","Dodaj"
"settings_language","Language","Idioma","Idioma","Hizkuntza","Idioma","Idioma","Langue","Lingua","Sprache","Dil","Język","اللغة","Bahasa","Ngôn ngữ","Limbă","Γλώσσα","Jezik","Jezik"
"language_system","Automatic (device)","Automático (dispositivo)","Automàtic (dispositiu)","Automatikoa (gailua)","Automático (dispositivo)","Automático (dispositivo)","Automatique (appareil)","Automatico (dispositivo)","Automatisch (Gerät)","Otomatik (cihaz)","Automatycznie (urządzenie)","تلقائي (الجهاز)","Otomatis (perangkat)","Tự động (thiết bị)","Automat (dispozitiv)","Αυτόματα (συσκευή)","Automatski (uređaj)","Automatski (uređaj)"
"player_paused","⏸ Paused","⏸ Pausado","⏸ En pausa","⏸ Pausatuta","⏸ En pausa","⏸ Em pausa","⏸ En pause","⏸ In pausa","⏸ Pausiert","⏸ Duraklatıldı","⏸ Wstrzymano","⏸ متوقف مؤقتًا","⏸ Dijeda","⏸ Đã tạm dừng","⏸ În pauză","⏸ Σε παύση","⏸ Pauzirano","⏸ Pauzirano"
